"date_time","gesamt"
2019-01-04 12:00:00,70.26775
2019-01-04 16:00:00,67.83425
2019-01-04 20:00:00,63.34125
2019-01-05 12:00:00,60.79125
2019-01-05 16:00:00,59.0535
2019-01-05 20:00:00,56.28525
2019-01-11 12:00:00,76.0595
2019-01-11 16:00:00,72.365
2019-01-11 20:00:00,67.07725
2019-01-12 12:00:00,64.17225
2019-01-12 16:00:00,62.05075
2019-01-12 20:00:00,58.82175
2019-01-18 12:00:00,71.66
2019-01-18 16:00:00,68.67025
2019-01-18 20:00:00,65.8015
2019-01-19 12:00:00,61.2275
2019-01-19 16:00:00,58.644
2019-01-19 20:00:00,58.06575
2019-01-25 12:00:00,74.78575
2019-01-25 16:00:00,71.56075
2019-01-25 20:00:00,68.9105
2019-01-26 12:00:00,64.901
2019-01-26 16:00:00,61.002
2019-01-26 20:00:00,58.9425
2019-02-01 12:00:00,74.4725
2019-02-01 16:00:00,69.463
2019-02-01 20:00:00,66.6205
2019-02-02 12:00:00,62.60275
2019-02-02 16:00:00,59.15275
2019-02-02 20:00:00,58.14575
2019-02-08 12:00:00,73.115
2019-02-08 16:00:00,69.53
2019-02-08 20:00:00,67.486
2019-02-09 12:00:00,63.1895
2019-02-09 16:00:00,58.78975
2019-02-09 20:00:00,57.891
2019-02-15 12:00:00,69.86475
2019-02-15 16:00:00,64.59225
2019-02-15 20:00:00,65.96675
2019-02-16 12:00:00,59.11275
2019-02-16 16:00:00,54.306
2019-02-16 20:00:00,57.57225
2019-02-22 12:00:00,71.19125
2019-02-22 16:00:00,65.49475
2019-02-22 20:00:00,64.46075
2019-02-23 12:00:00,58.7925
2019-02-23 16:00:00,53.90075
2019-02-23 20:00:00,56.60525
2019-03-01 12:00:00,71.654
2019-03-01 16:00:00,66.24075
2019-03-01 20:00:00,62.8655
2019-03-02 12:00:00,59.41725
2019-03-02 16:00:00,55.08825
2019-03-02 20:00:00,56.1665
2019-03-08 12:00:00,70.30425
2019-03-08 16:00:00,64.214
2019-03-08 20:00:00,63.30075
2019-03-09 12:00:00,59.892
2019-03-09 16:00:00,56.3355
2019-03-09 20:00:00,56.05875
2019-03-15 12:00:00,73.11
2019-03-15 16:00:00,68.34925
2019-03-15 20:00:00,64.60975
2019-03-16 12:00:00,59.57825
2019-03-16 16:00:00,55.9225
2019-03-16 20:00:00,56.36975
2019-03-22 12:00:00,67.41775
2019-03-22 16:00:00,62.0015
2019-03-22 20:00:00,63.03925
2019-03-23 12:00:00,56.82875
2019-03-23 16:00:00,51.83625
2019-03-23 20:00:00,54.411
2019-03-29 12:00:00,66.546
2019-03-29 16:00:00,61.152
2019-03-29 20:00:00,61.56325
2019-03-30 12:00:00,54.2615
2019-03-30 16:00:00,49.58975
2019-03-30 20:00:00,52.407
2019-04-05 12:00:00,69.39575
2019-04-05 16:00:00,63.73725
2019-04-05 20:00:00,62.05675
2019-04-06 12:00:00,55.616
2019-04-06 16:00:00,50.9185
2019-04-06 20:00:00,52.0295
2019-04-12 12:00:00,67.79225
2019-04-12 16:00:00,62.6865
2019-04-12 20:00:00,62.19525
2019-04-13 12:00:00,58.33275
2019-04-13 16:00:00,53.64325
2019-04-13 20:00:00,54.57925
2019-04-19 12:00:00,50.154
2019-04-19 16:00:00,44.61625
2019-04-19 20:00:00,47.40875
2019-04-20 12:00:00,50.45975
2019-04-20 16:00:00,46.228
2019-04-20 20:00:00,46.97725
2019-04-26 12:00:00,67.457
2019-04-26 16:00:00,61.1905
2019-04-26 20:00:00,58.28025
2019-04-27 12:00:00,55.828
2019-04-27 16:00:00,51.03725
2019-04-27 20:00:00,50.69925
2019-05-03 12:00:00,66.2645
2019-05-03 16:00:00,61.83625
2019-05-03 20:00:00,58.90875
2019-05-04 12:00:00,57.27525
2019-05-04 16:00:00,52.9285
2019-05-04 20:00:00,50.95925
2019-05-10 12:00:00,67.40625
2019-05-10 16:00:00,61.897
2019-05-10 20:00:00,59.16675
2019-05-11 12:00:00,56.36025
2019-05-11 16:00:00,51.77575
2019-05-11 20:00:00,51.706
2019-05-17 12:00:00,67.45475
2019-05-17 16:00:00,61.9905
2019-05-17 20:00:00,58.08225
2019-05-18 12:00:00,54.6085
2019-05-18 16:00:00,49.6015
2019-05-18 20:00:00,48.8785
2019-05-24 12:00:00,66.70775
2019-05-24 16:00:00,61.2435
2019-05-24 20:00:00,57.91325
2019-05-25 12:00:00,54.45375
2019-05-25 16:00:00,49.61775
2019-05-25 20:00:00,49.0955
2019-05-31 12:00:00,58.5855
2019-05-31 16:00:00,53.857
2019-05-31 20:00:00,51.61125
2019-06-01 12:00:00,53.70725
2019-06-01 16:00:00,49.84425
2019-06-01 20:00:00,47.93175
2019-06-07 12:00:00,65.5145
2019-06-07 16:00:00,61.1975
2019-06-07 20:00:00,56.536
2019-06-08 12:00:00,54.36825
2019-06-08 16:00:00,49.693
2019-06-08 20:00:00,46.42025
2019-06-14 12:00:00,66.1195
2019-06-14 16:00:00,61.78575
2019-06-14 20:00:00,57.14925
2019-06-15 12:00:00,55.3755
2019-06-15 16:00:00,51.64225
2019-06-15 20:00:00,48.323
2019-06-21 12:00:00,61.0375
2019-06-21 16:00:00,57.05025
2019-06-21 20:00:00,52.87275
2019-06-22 12:00:00,53.95975
2019-06-22 16:00:00,49.96775
2019-06-22 20:00:00,47.28175
2019-06-28 12:00:00,65.88175
2019-06-28 16:00:00,61.3155
2019-06-28 20:00:00,56.6385
2019-06-29 12:00:00,55.28875
2019-06-29 16:00:00,51.7845
2019-06-29 20:00:00,48.76525
2019-07-05 12:00:00,68.14625
2019-07-05 16:00:00,63.1545
2019-07-05 20:00:00,56.82675
2019-07-06 12:00:00,56.519
2019-07-06 16:00:00,53.12125
2019-07-06 20:00:00,50.3155
2019-07-12 12:00:00,66.83675
2019-07-12 16:00:00,61.91525
2019-07-12 20:00:00,56.2915
2019-07-13 12:00:00,55.08775
2019-07-13 16:00:00,51.383
2019-07-13 20:00:00,48.30325
2019-07-19 12:00:00,66.26675
2019-07-19 16:00:00,60.90225
2019-07-19 20:00:00,54.8395
2019-07-20 12:00:00,56.77575
2019-07-20 16:00:00,52.034
2019-07-20 20:00:00,49.34475
2019-07-26 12:00:00,68.2305
2019-07-26 16:00:00,64.18175
2019-07-26 20:00:00,58.7985
2019-07-27 12:00:00,57.6225
2019-07-27 16:00:00,53.34475
2019-07-27 20:00:00,50.282
2019-08-02 12:00:00,64.34325
2019-08-02 16:00:00,59.52775
2019-08-02 20:00:00,54.53475
2019-08-03 12:00:00,53.4605
2019-08-03 16:00:00,49.30975
2019-08-03 20:00:00,46.50825
2019-08-09 12:00:00,65.7915
2019-08-09 16:00:00,61.062
2019-08-09 20:00:00,56.692
2019-08-10 12:00:00,57.57975
2019-08-10 16:00:00,53.79375
2019-08-10 20:00:00,49.76525
2019-08-16 12:00:00,63.2985
2019-08-16 16:00:00,57.697
2019-08-16 20:00:00,53.45675
2019-08-17 12:00:00,54.77075
2019-08-17 16:00:00,50.93025
2019-08-17 20:00:00,47.89475
2019-08-23 12:00:00,63.8495
2019-08-23 16:00:00,59.2055
2019-08-23 20:00:00,55.44225
2019-08-24 12:00:00,54.1755
2019-08-24 16:00:00,50.1025
2019-08-24 20:00:00,48.40125
2019-08-30 12:00:00,66.15925
2019-08-30 16:00:00,61.991
2019-08-30 20:00:00,58.28975
2019-08-31 12:00:00,55.24025
2019-08-31 16:00:00,52.05625
2019-08-31 20:00:00,50.51675
2019-09-06 12:00:00,66.01925
2019-09-06 16:00:00,60.60375
2019-09-06 20:00:00,58.1955
2019-09-07 12:00:00,53.73525
2019-09-07 16:00:00,49.47575
2019-09-07 20:00:00,50.1175
2019-09-13 12:00:00,68.136
2019-09-13 16:00:00,61.966
2019-09-13 20:00:00,59.74275
2019-09-14 12:00:00,54.83025
2019-09-14 16:00:00,50.3745
2019-09-14 20:00:00,51.1845
2019-09-20 12:00:00,65.26825
2019-09-20 16:00:00,59.91825
2019-09-20 20:00:00,59.61975
2019-09-21 12:00:00,53.92875
2019-09-21 16:00:00,49.104
2019-09-21 20:00:00,51.34825
2019-09-27 12:00:00,68.613
2019-09-27 16:00:00,62.4445
2019-09-27 20:00:00,60.8495
2019-09-28 12:00:00,58.1285
2019-09-28 16:00:00,53.38325
2019-09-28 20:00:00,53.4795
2019-10-04 12:00:00,61.3805
2019-10-04 16:00:00,57.52675
2019-10-04 20:00:00,57.65025
2019-10-05 12:00:00,55.8325
2019-10-05 16:00:00,51.152
2019-10-05 20:00:00,52.30975
2019-10-11 12:00:00,71.04
2019-10-11 16:00:00,65.566
2019-10-11 20:00:00,63.99475
2019-10-12 12:00:00,58.6205
2019-10-12 16:00:00,52.94925
2019-10-12 20:00:00,52.754
2019-10-18 12:00:00,70.32075
2019-10-18 16:00:00,65.22875
2019-10-18 20:00:00,63.4805
2019-10-19 12:00:00,57.71575
2019-10-19 16:00:00,53.60225
2019-10-19 20:00:00,54.595
2019-10-25 12:00:00,69.3245
2019-10-25 16:00:00,62.9
2019-10-25 20:00:00,63.14075
2019-10-26 12:00:00,58.94225
2019-10-26 16:00:00,53.634
2019-10-26 20:00:00,55.871
2019-11-01 12:00:00,58.63775
2019-11-01 16:00:00,57.2625
2019-11-01 20:00:00,55.66425
2019-11-02 12:00:00,57.0475
2019-11-02 16:00:00,54.717
2019-11-02 20:00:00,53.825
2019-11-08 12:00:00,68.73375
2019-11-08 16:00:00,66.49075
2019-11-08 20:00:00,61.35225
2019-11-09 12:00:00,58.87575
2019-11-09 16:00:00,56.498
2019-11-09 20:00:00,55.184
2019-11-15 12:00:00,72.33125
2019-11-15 16:00:00,68.781
2019-11-15 20:00:00,63.06
2019-11-16 12:00:00,60.602
2019-11-16 16:00:00,59.542
2019-11-16 20:00:00,57.81475
2019-11-22 12:00:00,71.34425
2019-11-22 16:00:00,69.258
2019-11-22 20:00:00,64.3795
2019-11-23 12:00:00,60.78325
2019-11-23 16:00:00,60.3325
2019-11-23 20:00:00,56.87175
2019-11-29 12:00:00,71.87975
2019-11-29 16:00:00,69.56
2019-11-29 20:00:00,64.92525
2019-11-30 12:00:00,57.69275
2019-11-30 16:00:00,57.615
2019-11-30 20:00:00,55.3055
2019-12-06 12:00:00,74.609
2019-12-06 16:00:00,74.16975
2019-12-06 20:00:00,67.9085
2019-12-07 12:00:00,63.24625
2019-12-07 16:00:00,61.25725
2019-12-07 20:00:00,57.80125
2019-12-13 12:00:00,72.3725
2019-12-13 16:00:00,70.113
2019-12-13 20:00:00,63.59425
2019-12-14 12:00:00,63.0135
2019-12-14 16:00:00,62.973
2019-12-14 20:00:00,58.96975
2019-12-20 12:00:00,64.93075
2019-12-20 16:00:00,64.14475
2019-12-20 20:00:00,58.46525
2019-12-21 12:00:00,56.3675
2019-12-21 16:00:00,56.2155
2019-12-21 20:00:00,54
2019-12-27 12:00:00,54.6595
2019-12-27 16:00:00,54.8655
2019-12-27 20:00:00,52.2605
2019-12-28 12:00:00,52.3975
2019-12-28 16:00:00,52.999
2019-12-28 20:00:00,51.8555
2020-01-03 12:00:00,65.17325
2020-01-03 16:00:00,63.1095
2020-01-03 20:00:00,59.215
2020-01-04 12:00:00,61.56675
2020-01-04 16:00:00,60.05925
2020-01-04 20:00:00,56.5715
2020-01-10 12:00:00,71.87825
2020-01-10 16:00:00,69.53825
2020-01-10 20:00:00,64.419
2020-01-11 12:00:00,60.68125
2020-01-11 16:00:00,59.4655
2020-01-11 20:00:00,58.742
2020-01-17 12:00:00,70.8935
2020-01-17 16:00:00,68.799
2020-01-17 20:00:00,65.09975
2020-01-18 12:00:00,62.0585
2020-01-18 16:00:00,58.341
2020-01-18 20:00:00,56.83575
2020-01-24 12:00:00,72.9515
2020-01-24 16:00:00,68.99775
2020-01-24 20:00:00,65.4335
2020-01-25 12:00:00,62.3145
2020-01-25 16:00:00,59.2265
2020-01-25 20:00:00,57.52325
2020-01-31 12:00:00,73.21875
2020-01-31 16:00:00,68.182
2020-01-31 20:00:00,65.7295
2020-02-01 12:00:00,62.45
2020-02-01 16:00:00,59.588
2020-02-01 20:00:00,59.308
2020-02-07 12:00:00,70.87175
2020-02-07 16:00:00,66.7335
2020-02-07 20:00:00,65.25375
2020-02-08 12:00:00,59.97925
2020-02-08 16:00:00,56.01625
2020-02-08 20:00:00,57.59275
2020-02-14 12:00:00,71.4275
2020-02-14 16:00:00,66.82525
2020-02-14 20:00:00,64.1525
2020-02-15 12:00:00,60.73175
2020-02-15 16:00:00,56.01725
2020-02-15 20:00:00,58.82475
2020-02-21 12:00:00,71.9795
2020-02-21 16:00:00,66.60425
2020-02-21 20:00:00,65.54375
2020-02-22 12:00:00,63.49675
2020-02-22 16:00:00,59.3305
2020-02-22 20:00:00,58.561
2020-02-28 12:00:00,71.7955
2020-02-28 16:00:00,65.54125
2020-02-28 20:00:00,65.963
2020-02-29 12:00:00,60.968
2020-02-29 16:00:00,58.11075
2020-02-29 20:00:00,58.38525
2020-03-06 12:00:00,72.43025
2020-03-06 16:00:00,67.92175
2020-03-06 20:00:00,63.46775
2020-03-07 12:00:00,59.83175
2020-03-07 16:00:00,54.9605
2020-03-07 20:00:00,56.2505
2020-03-13 12:00:00,73.20175
2020-03-13 16:00:00,66.875
2020-03-13 20:00:00,63.834
2020-03-14 12:00:00,57.12375
2020-03-14 16:00:00,53.2305
2020-03-14 20:00:00,55.857
2020-03-20 12:00:00,65.36875
2020-03-20 16:00:00,60.5775
2020-03-20 20:00:00,59.88
2020-03-21 12:00:00,59.00725
2020-03-21 16:00:00,53.9865
2020-03-21 20:00:00,55.02175
2020-03-27 12:00:00,61.52975
2020-03-27 16:00:00,56.57575
2020-03-27 20:00:00,57.88825
2020-03-28 12:00:00,53.47675
2020-03-28 16:00:00,49.10475
2020-03-28 20:00:00,53.215
2020-04-03 12:00:00,65.49975
2020-04-03 16:00:00,59.54725
2020-04-03 20:00:00,57.29675
2020-04-04 12:00:00,53.7095
2020-04-04 16:00:00,47.457
2020-04-04 20:00:00,50.504
2020-04-10 12:00:00,49.8775
2020-04-10 16:00:00,43.89475
2020-04-10 20:00:00,47.4315
2020-04-11 12:00:00,49.55475
2020-04-11 16:00:00,44.7185
2020-04-11 20:00:00,47.37775
2020-04-17 12:00:00,60.0315
2020-04-17 16:00:00,53.018
2020-04-17 20:00:00,53.766
2020-04-18 12:00:00,50.7265
2020-04-18 16:00:00,46.7795
2020-04-18 20:00:00,49.10975
2020-04-24 12:00:00,60.98525
2020-04-24 16:00:00,56.329
2020-04-24 20:00:00,55.00925
2020-04-25 12:00:00,52.2765
2020-04-25 16:00:00,47.18925
2020-04-25 20:00:00,49.59025
2020-05-01 12:00:00,49.87725
2020-05-01 16:00:00,44.80525
2020-05-01 20:00:00,46.6135
2020-05-02 12:00:00,52.07375
2020-05-02 16:00:00,48.88375
2020-05-02 20:00:00,48.2895
2020-05-08 12:00:00,60.8585
2020-05-08 16:00:00,54.8105
2020-05-08 20:00:00,53.09375
2020-05-09 12:00:00,51.6065
2020-05-09 16:00:00,46.55525
2020-05-09 20:00:00,46.671
2020-05-15 12:00:00,63.60125
2020-05-15 16:00:00,58.3525
2020-05-15 20:00:00,54.90725
2020-05-16 12:00:00,53.85625
2020-05-16 16:00:00,48.50875
2020-05-16 20:00:00,48.12275
2020-05-22 12:00:00,56.66225
2020-05-22 16:00:00,52.8915
2020-05-22 20:00:00,51.35375
2020-05-23 12:00:00,53.37875
2020-05-23 16:00:00,50.8295
2020-05-23 20:00:00,48.90075
2020-05-29 12:00:00,60.382
2020-05-29 16:00:00,55.1175
2020-05-29 20:00:00,51.70325
2020-05-30 12:00:00,51.5985
2020-05-30 16:00:00,47.66375
2020-05-30 20:00:00,46.57475
2020-06-05 12:00:00,64.97
2020-06-05 16:00:00,58.535
2020-06-05 20:00:00,55.00625
2020-06-06 12:00:00,55.26325
2020-06-06 16:00:00,49.42575
2020-06-06 20:00:00,47.57425
2020-06-12 12:00:00,58.22575
2020-06-12 16:00:00,54.2905
2020-06-12 20:00:00,50.942
2020-06-13 12:00:00,52.99075
2020-06-13 16:00:00,49.19425
2020-06-13 20:00:00,47.59425
2020-06-19 12:00:00,61.54575
2020-06-19 16:00:00,56.94
2020-06-19 20:00:00,52.878
2020-06-20 12:00:00,53.053
2020-06-20 16:00:00,48.452
2020-06-20 20:00:00,47.2275
2020-06-26 12:00:00,62.84575
2020-06-26 16:00:00,58.10175
2020-06-26 20:00:00,53.47525
2020-06-27 12:00:00,53.162
2020-06-27 16:00:00,49.283
2020-06-27 20:00:00,46.752
2020-07-03 12:00:00,62.07075
2020-07-03 16:00:00,58.5
2020-07-03 20:00:00,53.69
2020-07-04 12:00:00,55.57325
2020-07-04 16:00:00,51.75825
2020-07-04 20:00:00,49.8255
2020-07-10 12:00:00,63.374
2020-07-10 16:00:00,60.472
2020-07-10 20:00:00,55.77525
2020-07-11 12:00:00,53.2355
2020-07-11 16:00:00,48.48225
2020-07-11 20:00:00,46.2295
2020-07-17 12:00:00,62.86075
2020-07-17 16:00:00,56.52475
2020-07-17 20:00:00,52.409
2020-07-18 12:00:00,51.988
2020-07-18 16:00:00,47.126
2020-07-18 20:00:00,44.4645
2020-07-24 12:00:00,63.32925
2020-07-24 16:00:00,59.39925
2020-07-24 20:00:00,52.5785
2020-07-25 12:00:00,51.7395
2020-07-25 16:00:00,47.91975
2020-07-25 20:00:00,45.17275
2020-07-31 12:00:00,61.8255
2020-07-31 16:00:00,56.573
2020-07-31 20:00:00,51.808
2020-08-01 12:00:00,53.263
2020-08-01 16:00:00,48.11375
2020-08-01 20:00:00,45.69525
2020-08-07 12:00:00,62.664
2020-08-07 16:00:00,57.66875
2020-08-07 20:00:00,53.57125
2020-08-08 12:00:00,53.16125
2020-08-08 16:00:00,49.46275
2020-08-08 20:00:00,47.4055
2020-08-14 12:00:00,64.15475
2020-08-14 16:00:00,58.97575
2020-08-14 20:00:00,54.88825
2020-08-15 12:00:00,52.647
2020-08-15 16:00:00,48.41575
2020-08-15 20:00:00,46.4765
2020-08-21 12:00:00,65.7735
2020-08-21 16:00:00,61.30275
2020-08-21 20:00:00,56.548
2020-08-22 12:00:00,55.24725
2020-08-22 16:00:00,50.953
2020-08-22 20:00:00,48.475
2020-08-28 12:00:00,65.19225
2020-08-28 16:00:00,58.96875
2020-08-28 20:00:00,55.5215
2020-08-29 12:00:00,54.3145
2020-08-29 16:00:00,48.96825
2020-08-29 20:00:00,47.786
2020-09-04 12:00:00,65.013
2020-09-04 16:00:00,59.15925
2020-09-04 20:00:00,56.13775
2020-09-05 12:00:00,54.64275
2020-09-05 16:00:00,50.08575
2020-09-05 20:00:00,49.5995
2020-09-11 12:00:00,64.361
2020-09-11 16:00:00,58.18025
2020-09-11 20:00:00,57.45725
2020-09-12 12:00:00,56.127
2020-09-12 16:00:00,51.4135
2020-09-12 20:00:00,51.5595
2020-09-18 12:00:00,64.143
2020-09-18 16:00:00,58.08075
2020-09-18 20:00:00,57.94825
2020-09-19 12:00:00,52.605
2020-09-19 16:00:00,48.376
2020-09-19 20:00:00,50.50025
2020-09-25 12:00:00,65.54575
2020-09-25 16:00:00,59.6
2020-09-25 20:00:00,58.30925
2020-09-26 12:00:00,56.20375
2020-09-26 16:00:00,54.4465
2020-09-26 20:00:00,54.45525
2020-10-02 12:00:00,67.173
2020-10-02 16:00:00,63.00625
2020-10-02 20:00:00,62.09475
2020-10-03 12:00:00,54.93475
2020-10-03 16:00:00,49.49675
2020-10-03 20:00:00,52.103
2020-10-09 12:00:00,66.967
2020-10-09 16:00:00,61.14225
2020-10-09 20:00:00,60.27525
2020-10-10 12:00:00,57.654
2020-10-10 16:00:00,53.5035
2020-10-10 20:00:00,53.94125
2020-10-16 12:00:00,67.85075
2020-10-16 16:00:00,62.72025
2020-10-16 20:00:00,60.7215
2020-10-17 12:00:00,56.04075
2020-10-17 16:00:00,51.90825
2020-10-17 20:00:00,52.5545
2020-10-23 12:00:00,68.7445
2020-10-23 16:00:00,63.23025
2020-10-23 20:00:00,60.6205
2020-10-24 12:00:00,59.14825
2020-10-24 16:00:00,53.74
2020-10-24 20:00:00,54.955
2020-10-30 12:00:00,70.1675
2020-10-30 16:00:00,65.4585
2020-10-30 20:00:00,60.80475
2020-10-31 12:00:00,54.90525
2020-10-31 16:00:00,51.712
2020-10-31 20:00:00,53.62875
2020-11-06 12:00:00,67.06775
2020-11-06 16:00:00,63.706
2020-11-06 20:00:00,61.084
2020-11-07 12:00:00,56.1365
2020-11-07 16:00:00,53.3935
2020-11-07 20:00:00,53.218
2020-11-13 12:00:00,68.159
2020-11-13 16:00:00,66.005
2020-11-13 20:00:00,62.2255
2020-11-14 12:00:00,56.38325
2020-11-14 16:00:00,54.323
2020-11-14 20:00:00,54.89
2020-11-20 12:00:00,69.42775
2020-11-20 16:00:00,67.076
2020-11-20 20:00:00,63.27075
2020-11-21 12:00:00,61.18475
2020-11-21 16:00:00,60.2175
2020-11-21 20:00:00,57.61275
2020-11-27 12:00:00,69.7265
2020-11-27 16:00:00,67.87125
2020-11-27 20:00:00,63.832
2020-11-28 12:00:00,60.18625
2020-11-28 16:00:00,60.08775
2020-11-28 20:00:00,57.03825
2020-12-04 12:00:00,73.85325
2020-12-04 16:00:00,72.27175
2020-12-04 20:00:00,65.196
2020-12-05 12:00:00,60.9585
2020-12-05 16:00:00,60.68975
2020-12-05 20:00:00,56.393
2020-12-11 12:00:00,73.61925
2020-12-11 16:00:00,72.90675
2020-12-11 20:00:00,66.553
2020-12-12 12:00:00,61.50425
2020-12-12 16:00:00,61.1455
2020-12-12 20:00:00,57.081
2020-12-18 12:00:00,66.82575
2020-12-18 16:00:00,65.87275
2020-12-18 20:00:00,62.185
2020-12-19 12:00:00,57.7905
2020-12-19 16:00:00,59.5315
2020-12-19 20:00:00,55.9945
2020-12-25 12:00:00,51.68975
2020-12-25 16:00:00,49.314
2020-12-25 20:00:00,49.1615
2020-12-26 12:00:00,52.66975
2020-12-26 16:00:00,52.27
2020-12-26 20:00:00,53.02325
2021-01-01 12:00:00,49.2255
2021-01-01 16:00:00,49.5415
2021-01-01 20:00:00,50.49425
2021-01-02 12:00:00,54.51125
2021-01-02 16:00:00,54.51325
2021-01-02 20:00:00,52.6365
2021-01-08 12:00:00,70.542
2021-01-08 16:00:00,67.63
2021-01-08 20:00:00,63.76225
2021-01-09 12:00:00,60.891
2021-01-09 16:00:00,59.42575
2021-01-09 20:00:00,57.47
2021-01-15 12:00:00,73.71825
2021-01-15 16:00:00,70.239
2021-01-15 20:00:00,66.05975
2021-01-16 12:00:00,64.02375
2021-01-16 16:00:00,62.008
2021-01-16 20:00:00,60.13725
2021-01-22 12:00:00,72.5175
2021-01-22 16:00:00,68.38925
2021-01-22 20:00:00,66.00475
2021-01-23 12:00:00,62.4415
2021-01-23 16:00:00,57.99925
2021-01-23 20:00:00,57.11475
2021-01-29 12:00:00,73.98975
2021-01-29 16:00:00,68.775
2021-01-29 20:00:00,66.0105
2021-01-30 12:00:00,61.33675
2021-01-30 16:00:00,58.2935
2021-01-30 20:00:00,58.3685
2021-02-05 12:00:00,71.7315
2021-02-05 16:00:00,67.62325
2021-02-05 20:00:00,65.51175
2021-02-06 12:00:00,63.6875
2021-02-06 16:00:00,61.09325
2021-02-06 20:00:00,60.394
2021-02-12 12:00:00,73.214
2021-02-12 16:00:00,69.03625
2021-02-12 20:00:00,69.54175
2021-02-13 12:00:00,62.4805
2021-02-13 16:00:00,58.78825
2021-02-13 20:00:00,62.321
2021-02-19 12:00:00,70.5685
2021-02-19 16:00:00,63.75325
2021-02-19 20:00:00,64.15475
2021-02-20 12:00:00,58.2745
2021-02-20 16:00:00,53.11075
2021-02-20 20:00:00,57.797
2021-02-26 12:00:00,70.6375
2021-02-26 16:00:00,64.70825
2021-02-26 20:00:00,64.02325
2021-02-27 12:00:00,57.624
2021-02-27 16:00:00,53.18975
2021-02-27 20:00:00,55.35675
2021-03-05 12:00:00,70.72075
2021-03-05 16:00:00,65.61475
2021-03-05 20:00:00,64.635
2021-03-06 12:00:00,59.69825
2021-03-06 16:00:00,54.4325
2021-03-06 20:00:00,57.52625
2021-03-12 12:00:00,73.41775
2021-03-12 16:00:00,67.94425
2021-03-12 20:00:00,66.22575
2021-03-13 12:00:00,65.0745
2021-03-13 16:00:00,60.314
2021-03-13 20:00:00,60.38875
2021-03-19 12:00:00,71.927
2021-03-19 16:00:00,66.94225
2021-03-19 20:00:00,65.209
2021-03-20 12:00:00,60.767
2021-03-20 16:00:00,57.0775
2021-03-20 20:00:00,58.352
2021-03-26 12:00:00,67.27825
2021-03-26 16:00:00,61.67825
2021-03-26 20:00:00,62.637
2021-03-27 12:00:00,62.36525
2021-03-27 16:00:00,56.37525
2021-03-27 20:00:00,56.7915
2021-04-02 12:00:00,55.62375
2021-04-02 16:00:00,50.38625
2021-04-02 20:00:00,52.8645
2021-04-03 12:00:00,55.152
2021-04-03 16:00:00,50.90625
2021-04-03 20:00:00,52.27225
2021-04-09 12:00:00,71.13275
2021-04-09 16:00:00,63.939
2021-04-09 20:00:00,61.951
2021-04-10 12:00:00,58.37175
2021-04-10 16:00:00,53.152
2021-04-10 20:00:00,54.43025
2021-04-16 12:00:00,71.125
2021-04-16 16:00:00,63.8795
2021-04-16 20:00:00,62.55125
2021-04-17 12:00:00,58.943
2021-04-17 16:00:00,53.2505
2021-04-17 20:00:00,54.4715
2021-04-23 12:00:00,66.667
2021-04-23 16:00:00,60.8105
2021-04-23 20:00:00,58.8275
2021-04-24 12:00:00,55.01025
2021-04-24 16:00:00,50.3555
2021-04-24 20:00:00,52.052
2021-04-30 12:00:00,66.777
2021-04-30 16:00:00,60.90075
2021-04-30 20:00:00,58.39975
2021-05-01 12:00:00,51.97575
2021-05-01 16:00:00,46.9565
2021-05-01 20:00:00,49.4625
2021-05-07 12:00:00,69.1345
2021-05-07 16:00:00,63.0685
2021-05-07 20:00:00,59.967
2021-05-08 12:00:00,55.3965
2021-05-08 16:00:00,50.7865
2021-05-08 20:00:00,51.868
2021-05-14 12:00:00,58.8085
2021-05-14 16:00:00,54.236
2021-05-14 20:00:00,52.145
2021-05-15 12:00:00,54.915
2021-05-15 16:00:00,50.37275
2021-05-15 20:00:00,49.303
2021-05-21 12:00:00,68.643
2021-05-21 16:00:00,63.421
2021-05-21 20:00:00,58.427
2021-05-22 12:00:00,58.6125
2021-05-22 16:00:00,53.2655
2021-05-22 20:00:00,51.25925
2021-05-28 12:00:00,65.49425
2021-05-28 16:00:00,59.547
2021-05-28 20:00:00,56.50025
2021-05-29 12:00:00,54.80675
2021-05-29 16:00:00,49.43225
2021-05-29 20:00:00,48.712
2021-06-04 12:00:00,61.8765
2021-06-04 16:00:00,57.53975
2021-06-04 20:00:00,53.86925
2021-06-05 12:00:00,54.692
2021-06-05 16:00:00,50.63675
2021-06-05 20:00:00,48.43025
2021-06-11 12:00:00,66.44975
2021-06-11 16:00:00,61.847
2021-06-11 20:00:00,57.5275
2021-06-12 12:00:00,56.67375
2021-06-12 16:00:00,53.7505
2021-06-12 20:00:00,51.481
2021-06-18 12:00:00,69.761
2021-06-18 16:00:00,64.858
2021-06-18 20:00:00,60.44
2021-06-19 12:00:00,58.29725
2021-06-19 16:00:00,53.93
2021-06-19 20:00:00,51.302
2021-06-25 12:00:00,65.897
2021-06-25 16:00:00,60.0835
2021-06-25 20:00:00,55.67475
2021-06-26 12:00:00,55.1055
2021-06-26 16:00:00,50.7705
2021-06-26 20:00:00,48.49875
2021-07-02 12:00:00,66.572
2021-07-02 16:00:00,61.53175
2021-07-02 20:00:00,55.886
2021-07-03 12:00:00,54.948
2021-07-03 16:00:00,50.6485
2021-07-03 20:00:00,48.5475
2021-07-09 12:00:00,67.1745
2021-07-09 16:00:00,62.62
2021-07-09 20:00:00,57.24525
2021-07-10 12:00:00,57.10275
2021-07-10 16:00:00,51.19075
2021-07-10 20:00:00,47.71975
2021-07-16 12:00:00,66.761
2021-07-16 16:00:00,61.52975
2021-07-16 20:00:00,57.12675
2021-07-17 12:00:00,55.70075
2021-07-17 16:00:00,52.59275
2021-07-17 20:00:00,50.03125
2021-07-23 12:00:00,65.1335
2021-07-23 16:00:00,60.22725
2021-07-23 20:00:00,55.8195
2021-07-24 12:00:00,55.46625
2021-07-24 16:00:00,51.935
2021-07-24 20:00:00,50.241
2021-07-30 12:00:00,65.38125
2021-07-30 16:00:00,60.8225
2021-07-30 20:00:00,55.06
2021-07-31 12:00:00,56.866
2021-07-31 16:00:00,52.84425
2021-07-31 20:00:00,49.53775
2021-08-06 12:00:00,63.73725
2021-08-06 16:00:00,59.91
2021-08-06 20:00:00,53.7485
2021-08-07 12:00:00,53.853
2021-08-07 16:00:00,49.85825
2021-08-07 20:00:00,48.239
2021-08-13 12:00:00,64.536
2021-08-13 16:00:00,60.022
2021-08-13 20:00:00,55.505
2021-08-14 12:00:00,54.76375
2021-08-14 16:00:00,51.19775
2021-08-14 20:00:00,48.2335
2021-08-20 12:00:00,63.8825
2021-08-20 16:00:00,58.93275
2021-08-20 20:00:00,55.0325
2021-08-21 12:00:00,53.222
2021-08-21 16:00:00,49.2555
2021-08-21 20:00:00,47.9225
2021-08-27 12:00:00,65.2295
2021-08-27 16:00:00,60.24275
2021-08-27 20:00:00,56.97225
2021-08-28 12:00:00,54.6225
2021-08-28 16:00:00,50.1405
2021-08-28 20:00:00,49.45375
2021-09-03 12:00:00,64.8475
2021-09-03 16:00:00,59.1945
2021-09-03 20:00:00,57.23975
2021-09-04 12:00:00,53.43575
2021-09-04 16:00:00,49.5975
2021-09-04 20:00:00,50.76575
2021-09-10 12:00:00,66.2965
2021-09-10 16:00:00,60.47025
2021-09-10 20:00:00,58.40425
2021-09-11 12:00:00,54.96275
2021-09-11 16:00:00,51.16625
2021-09-11 20:00:00,50.7695
2021-09-17 12:00:00,66.20625
2021-09-17 16:00:00,60.2085
2021-09-17 20:00:00,59.75875
2021-09-18 12:00:00,55.189
2021-09-18 16:00:00,50.5835
2021-09-18 20:00:00,52.2395
2021-09-24 12:00:00,67.91125
2021-09-24 16:00:00,62.236
2021-09-24 20:00:00,61.38725
2021-09-25 12:00:00,55.73325
2021-09-25 16:00:00,50.16475
2021-09-25 20:00:00,51.357
2021-10-01 12:00:00,67.28525
2021-10-01 16:00:00,62.175
2021-10-01 20:00:00,62.23525
2021-10-02 12:00:00,55.04725
2021-10-02 16:00:00,51.4775
2021-10-02 20:00:00,55.04725
2021-10-08 12:00:00,65.89925
2021-10-08 16:00:00,60.03025
2021-10-08 20:00:00,60.60025
2021-10-09 12:00:00,55.3735
2021-10-09 16:00:00,49.87225
2021-10-09 20:00:00,54.08225
2021-10-15 12:00:00,71.209
2021-10-15 16:00:00,64.6555
2021-10-15 20:00:00,63.42625
2021-10-16 12:00:00,58.62325
2021-10-16 16:00:00,53.724
2021-10-16 20:00:00,55.082
2021-10-22 12:00:00,72.60525
2021-10-22 16:00:00,67.4505
2021-10-22 20:00:00,64.9415
2021-10-23 12:00:00,59.13125
2021-10-23 16:00:00,53.71
2021-10-23 20:00:00,54.82875
2021-10-29 12:00:00,68.6865
2021-10-29 16:00:00,63.37675
2021-10-29 20:00:00,63.757
2021-10-30 12:00:00,58.90925
2021-10-30 16:00:00,55.88875
2021-10-30 20:00:00,56.6365
2021-11-05 12:00:00,71.3565
2021-11-05 16:00:00,68.53675
2021-11-05 20:00:00,65.41475
2021-11-06 12:00:00,59.80275
2021-11-06 16:00:00,58.50475
2021-11-06 20:00:00,58.506
2021-11-12 12:00:00,68.83525
2021-11-12 16:00:00,67.552
2021-11-12 20:00:00,64.54975
2021-11-13 12:00:00,61.15775
2021-11-13 16:00:00,58.674
2021-11-13 20:00:00,55.1595
2021-11-19 12:00:00,71.74825
2021-11-19 16:00:00,68.173
2021-11-19 20:00:00,62.7895
2021-11-20 12:00:00,61.43675
2021-11-20 16:00:00,60.89025
2021-11-20 20:00:00,57.6605
2021-11-26 12:00:00,74.0945
2021-11-26 16:00:00,72.056
2021-11-26 20:00:00,67.39475
2021-11-27 12:00:00,62.9005
2021-11-27 16:00:00,62.17725
2021-11-27 20:00:00,58.9105
2021-12-03 12:00:00,77.658
2021-12-03 16:00:00,76.46825
2021-12-03 20:00:00,71.07625
2021-12-04 12:00:00,63.962
2021-12-04 16:00:00,62.98625
2021-12-04 20:00:00,59.7545
2021-12-10 12:00:00,73.56475
2021-12-10 16:00:00,72.004
2021-12-10 20:00:00,65.66425
2021-12-11 12:00:00,63.5405
2021-12-11 16:00:00,63.41825
2021-12-11 20:00:00,59.64925
2021-12-17 12:00:00,70.77025
2021-12-17 16:00:00,68.7295
2021-12-17 20:00:00,63.55675
2021-12-18 12:00:00,63.92675
2021-12-18 16:00:00,63.22175
2021-12-18 20:00:00,58.9275
2021-12-24 12:00:00,59.74025
2021-12-24 16:00:00,58.394
2021-12-24 20:00:00,50.64075
2021-12-25 12:00:00,54.01875
2021-12-25 16:00:00,51.79
2021-12-25 20:00:00,51.8805
2021-12-31 12:00:00,56.4335
2021-12-31 16:00:00,55.701
2021-12-31 20:00:00,51.849
2022-01-01 12:00:00,47.31475
2022-01-01 16:00:00,47.864
2022-01-01 20:00:00,49.466
2022-01-07 12:00:00,73.2755
2022-01-07 16:00:00,70.10225
2022-01-07 20:00:00,64.44
2022-01-08 12:00:00,62.9185
2022-01-08 16:00:00,63.0845
2022-01-08 20:00:00,61.91125
2022-01-14 12:00:00,74.6115
2022-01-14 16:00:00,71.01125
2022-01-14 20:00:00,66.27825
2022-01-15 12:00:00,61.6095
2022-01-15 16:00:00,59.61575
2022-01-15 20:00:00,57.637
2022-01-21 12:00:00,75.88775
2022-01-21 16:00:00,72.52625
2022-01-21 20:00:00,68.72375
2022-01-22 12:00:00,62.99275
2022-01-22 16:00:00,60.244
2022-01-22 20:00:00,57.92325
2022-01-28 12:00:00,74.85775
2022-01-28 16:00:00,69.884
2022-01-28 20:00:00,67.362
2022-01-29 12:00:00,65.857
2022-01-29 16:00:00,62.1185
2022-01-29 20:00:00,59.6525
2022-02-04 12:00:00,74.975
2022-02-04 16:00:00,71.16125
2022-02-04 20:00:00,67.48525
2022-02-05 12:00:00,63.64675
2022-02-05 16:00:00,59.9325
2022-02-05 20:00:00,60.15025
2022-02-11 12:00:00,74.95075
2022-02-11 16:00:00,69.86725
2022-02-11 20:00:00,66.88525
2022-02-12 12:00:00,61.654
2022-02-12 16:00:00,58.14925
2022-02-12 20:00:00,60.3465
2022-02-18 12:00:00,72.34525
2022-02-18 16:00:00,67.97825
2022-02-18 20:00:00,64.765
2022-02-19 12:00:00,62.82825
2022-02-19 16:00:00,58.0785
2022-02-19 20:00:00,58.64525
2022-02-25 12:00:00,74.156
2022-02-25 16:00:00,69.02825
2022-02-25 20:00:00,65.5045
2022-02-26 12:00:00,58.76325
2022-02-26 16:00:00,53.7225
2022-02-26 20:00:00,56.28625
2022-03-04 12:00:00,70.54675
2022-03-04 16:00:00,64.91675
2022-03-04 20:00:00,64.63125
2022-03-05 12:00:00,59.236
2022-03-05 16:00:00,54.48525
2022-03-05 20:00:00,56.859
2022-03-11 12:00:00,69.34575
2022-03-11 16:00:00,64.791
2022-03-11 20:00:00,65.3955
2022-03-12 12:00:00,58.387
2022-03-12 16:00:00,52.99225
2022-03-12 20:00:00,56.556
2022-03-18 12:00:00,68.332
2022-03-18 16:00:00,62.397
2022-03-18 20:00:00,63.4655
2022-03-19 12:00:00,58.2195
2022-03-19 16:00:00,55.43025
2022-03-19 20:00:00,57.565
2022-03-25 12:00:00,65.91025
2022-03-25 16:00:00,60.346
2022-03-25 20:00:00,61.48075
2022-03-26 12:00:00,55.96225
2022-03-26 16:00:00,51.5715
2022-03-26 20:00:00,53.53525
2022-04-01 12:00:00,75.643
2022-04-01 16:00:00,69.00175
2022-04-01 20:00:00,66.705
2022-04-02 12:00:00,62.6235
2022-04-02 16:00:00,57.15575
2022-04-02 20:00:00,56.783
2022-04-08 12:00:00,69.28125
2022-04-08 16:00:00,64.5805
2022-04-08 20:00:00,62.831
2022-04-09 12:00:00,61.2595
2022-04-09 16:00:00,56.091
2022-04-09 20:00:00,55.586
2022-04-15 12:00:00,53.22275
2022-04-15 16:00:00,47.71925
2022-04-15 20:00:00,49.88925
2022-04-16 12:00:00,52.71825
2022-04-16 16:00:00,48.499
2022-04-16 20:00:00,49.8035
2022-04-22 12:00:00,66.05775
2022-04-22 16:00:00,61.58
2022-04-22 20:00:00,59.967
2022-04-23 12:00:00,56.012
2022-04-23 16:00:00,51.66175
2022-04-23 20:00:00,52.445
2022-04-29 12:00:00,64.3535
2022-04-29 16:00:00,58.55975
2022-04-29 20:00:00,58.3825
2022-04-30 12:00:00,55.4305
2022-04-30 16:00:00,50.163
2022-04-30 20:00:00,50.01375
2022-05-06 12:00:00,65.356
2022-05-06 16:00:00,59.6975
2022-05-06 20:00:00,56.7725
2022-05-07 12:00:00,54.24225
2022-05-07 16:00:00,50.93425
2022-05-07 20:00:00,50.32275
2022-05-13 12:00:00,67.05225
2022-05-13 16:00:00,63.30575
2022-05-13 20:00:00,58.0225
2022-05-14 12:00:00,55.25125
2022-05-14 16:00:00,50.291
2022-05-14 20:00:00,48.832
2022-05-20 12:00:00,66.84225
2022-05-20 16:00:00,61.193
2022-05-20 20:00:00,58.43
2022-05-21 12:00:00,57.23025
2022-05-21 16:00:00,52.0985
2022-05-21 20:00:00,49.07025
2022-05-27 12:00:00,60.87275
2022-05-27 16:00:00,56.5955
2022-05-27 20:00:00,53.35875
2022-05-28 12:00:00,54.766
2022-05-28 16:00:00,50.9235
2022-05-28 20:00:00,49.34525
2022-06-03 12:00:00,64.10175
2022-06-03 16:00:00,59.55425
2022-06-03 20:00:00,55.719
2022-06-04 12:00:00,52.18
2022-06-04 16:00:00,48.20325
2022-06-04 20:00:00,46.18675
2022-06-10 12:00:00,63.86725
2022-06-10 16:00:00,58.87125
2022-06-10 20:00:00,53.51475
2022-06-11 12:00:00,54.659
2022-06-11 16:00:00,50.5985
2022-06-11 20:00:00,47.20575
2022-06-17 12:00:00,60.872
2022-06-17 16:00:00,56.07275
2022-06-17 20:00:00,51.666
2022-06-18 12:00:00,54.65975
2022-06-18 16:00:00,51.22575
2022-06-18 20:00:00,48.1525
2022-06-24 12:00:00,65.22925
2022-06-24 16:00:00,60.3345
2022-06-24 20:00:00,55.67
2022-06-25 12:00:00,53.1065
2022-06-25 16:00:00,48.997
2022-06-25 20:00:00,47.12
2022-07-01 12:00:00,63.58075
2022-07-01 16:00:00,58.4675
2022-07-01 20:00:00,54.10425
2022-07-02 12:00:00,53.413
2022-07-02 16:00:00,49.33075
2022-07-02 20:00:00,46.72775
2022-07-08 12:00:00,63.3835
2022-07-08 16:00:00,60.2235
2022-07-08 20:00:00,54.2205
2022-07-09 12:00:00,53.98925
2022-07-09 16:00:00,50.53825
2022-07-09 20:00:00,48.2905
2022-07-15 12:00:00,64.497
2022-07-15 16:00:00,58.51525
2022-07-15 20:00:00,52.7745
2022-07-16 12:00:00,54.33275
2022-07-16 16:00:00,49.707
2022-07-16 20:00:00,46.64525
2022-07-22 12:00:00,62.24475
2022-07-22 16:00:00,57.70425
2022-07-22 20:00:00,52.41275
2022-07-23 12:00:00,52.74
2022-07-23 16:00:00,48.8295
2022-07-23 20:00:00,46.21375
2022-07-29 12:00:00,62.8215
2022-07-29 16:00:00,56.79325
2022-07-29 20:00:00,51.8785
2022-07-30 12:00:00,50.97
2022-07-30 16:00:00,46.73425
2022-07-30 20:00:00,44.92225
2022-08-05 12:00:00,61.52475
2022-08-05 16:00:00,59.08475
2022-08-05 20:00:00,52.42725
2022-08-06 12:00:00,52.14625
2022-08-06 16:00:00,48.39825
2022-08-06 20:00:00,44.83675
2022-08-12 12:00:00,60.96225
2022-08-12 16:00:00,55.81575
2022-08-12 20:00:00,51.722
2022-08-13 12:00:00,51.074
2022-08-13 16:00:00,47.405
2022-08-13 20:00:00,45.64675
2022-08-19 12:00:00,61.03675
2022-08-19 16:00:00,55.76975
2022-08-19 20:00:00,52.40125
2022-08-20 12:00:00,50.61575
2022-08-20 16:00:00,46.458
2022-08-20 20:00:00,44.618
2022-08-26 12:00:00,61.9355
2022-08-26 16:00:00,57.57125
2022-08-26 20:00:00,53.485
2022-08-27 12:00:00,51.82275
2022-08-27 16:00:00,48.3175
2022-08-27 20:00:00,45.934
2022-09-02 12:00:00,62.49975
2022-09-02 16:00:00,56.2505
2022-09-02 20:00:00,55.6005
2022-09-03 12:00:00,52.6585
2022-09-03 16:00:00,48.482
2022-09-03 20:00:00,48.5805
2022-09-09 12:00:00,62.442
2022-09-09 16:00:00,57.74925
2022-09-09 20:00:00,54.981
2022-09-10 12:00:00,51.49525
2022-09-10 16:00:00,47.425
2022-09-10 20:00:00,47.612
2022-09-16 12:00:00,65.16475
2022-09-16 16:00:00,60.21125
2022-09-16 20:00:00,57.99375
2022-09-17 12:00:00,54.14775
2022-09-17 16:00:00,50.423
2022-09-17 20:00:00,51.32325
2022-09-23 12:00:00,60.3295
2022-09-23 16:00:00,55.52675
2022-09-23 20:00:00,54.79275
2022-09-24 12:00:00,52.6255
2022-09-24 16:00:00,48.119
2022-09-24 20:00:00,48.7455
2022-09-30 12:00:00,60.8915
2022-09-30 16:00:00,56.77225
2022-09-30 20:00:00,56.7165
2022-10-01 12:00:00,56.5095
2022-10-01 16:00:00,51.97725
2022-10-01 20:00:00,51.654
2022-10-07 12:00:00,63.65275
2022-10-07 16:00:00,56.78625
2022-10-07 20:00:00,56.295
2022-10-08 12:00:00,55.167
2022-10-08 16:00:00,50.7385
2022-10-08 20:00:00,50.43675
2022-10-14 12:00:00,62.68925
2022-10-14 16:00:00,57.44625
2022-10-14 20:00:00,56.46325
2022-10-15 12:00:00,53.20425
2022-10-15 16:00:00,49.02525
2022-10-15 20:00:00,49.9865
2022-10-21 12:00:00,63.52375
2022-10-21 16:00:00,57.832
2022-10-21 20:00:00,55.3405
2022-10-22 12:00:00,53.424
2022-10-22 16:00:00,48.8175
2022-10-22 20:00:00,48.9875
2022-10-28 12:00:00,62.49075
2022-10-28 16:00:00,57.29225
2022-10-28 20:00:00,56.9345
2022-10-29 12:00:00,52.20175
2022-10-29 16:00:00,47.97275
2022-10-29 20:00:00,48.55475
2022-11-04 12:00:00,64.07775
2022-11-04 16:00:00,59.9865
2022-11-04 20:00:00,56.60425
2022-11-05 12:00:00,54.44775
2022-11-05 16:00:00,51.2415
2022-11-05 20:00:00,51.40875
2022-11-11 12:00:00,65.023
2022-11-11 16:00:00,61.59425
2022-11-11 20:00:00,57.67675
2022-11-12 12:00:00,53.61375
2022-11-12 16:00:00,51.1045
2022-11-12 20:00:00,49.6535
2022-11-18 12:00:00,66.617
2022-11-18 16:00:00,63.31825
2022-11-18 20:00:00,58.43
2022-11-19 12:00:00,56.08175
2022-11-19 16:00:00,53.814
2022-11-19 20:00:00,50.77475
2022-11-25 12:00:00,65.7375
2022-11-25 16:00:00,62.6235
2022-11-25 20:00:00,58.16675
2022-11-26 12:00:00,54.61575
2022-11-26 16:00:00,53.115
2022-11-26 20:00:00,50.53875
2022-12-02 12:00:00,69.6
2022-12-02 16:00:00,67.65275
2022-12-02 20:00:00,62.369
2022-12-03 12:00:00,59.401
2022-12-03 16:00:00,57.82775
2022-12-03 20:00:00,54.3425
2022-12-09 12:00:00,68.34125
2022-12-09 16:00:00,66.15525
2022-12-09 20:00:00,60.94625
2022-12-10 12:00:00,58.63025
2022-12-10 16:00:00,57.7045
2022-12-10 20:00:00,55.01075
2022-12-16 12:00:00,68.809
2022-12-16 16:00:00,66.96425
2022-12-16 20:00:00,61.906
2022-12-17 12:00:00,61.0535
2022-12-17 16:00:00,60.12375
2022-12-17 20:00:00,57.45175
2022-12-23 12:00:00,58.208
2022-12-23 16:00:00,56.65225
2022-12-23 20:00:00,52.0275
2022-12-24 12:00:00,51.32175
2022-12-24 16:00:00,47.9925
2022-12-24 20:00:00,43.29875
2022-12-30 12:00:00,53.33225
2022-12-30 16:00:00,54.9375
2022-12-30 20:00:00,52.028
2022-12-31 12:00:00,50.36725
2022-12-31 16:00:00,50.04575
2022-12-31 20:00:00,46.74525
2023-01-06 12:00:00,61.21975
2023-01-06 16:00:00,57.83775
2023-01-06 20:00:00,54.7235
2023-01-07 12:00:00,53.79975
2023-01-07 16:00:00,52.0615
2023-01-07 20:00:00,51.77575
2023-01-13 12:00:00,68.7075
2023-01-13 16:00:00,65.958
2023-01-13 20:00:00,60.6255
2023-01-14 12:00:00,58.57825
2023-01-14 16:00:00,58.232
2023-01-14 20:00:00,55.30425
2023-01-20 12:00:00,67.3575
2023-01-20 16:00:00,63.863
2023-01-20 20:00:00,60.47825
2023-01-21 12:00:00,60.66075
2023-01-21 16:00:00,58.6575
2023-01-21 20:00:00,55.132
2023-01-27 12:00:00,69.00675
2023-01-27 16:00:00,64.58675
2023-01-27 20:00:00,60.591
2023-01-28 12:00:00,58.2935
2023-01-28 16:00:00,55.82825
2023-01-28 20:00:00,54.70675
2023-02-03 12:00:00,69.40275
2023-02-03 16:00:00,65.29425
2023-02-03 20:00:00,61.525
2023-02-04 12:00:00,57.004
2023-02-04 16:00:00,52.76225
2023-02-04 20:00:00,52.8715
2023-02-10 12:00:00,67.91275
2023-02-10 16:00:00,62.998
2023-02-10 20:00:00,61.90175
2023-02-11 12:00:00,59.19
2023-02-11 16:00:00,55.21325
2023-02-11 20:00:00,53.495
2023-02-17 12:00:00,68.28275
2023-02-17 16:00:00,64.1
2023-02-17 20:00:00,60.5535
2023-02-18 12:00:00,57.50375
2023-02-18 16:00:00,53.52375
2023-02-18 20:00:00,52.84325
2023-02-24 12:00:00,66.59975
2023-02-24 16:00:00,62.3615
2023-02-24 20:00:00,59.25825
2023-02-25 12:00:00,59.526
2023-02-25 16:00:00,54.197
2023-02-25 20:00:00,54.31275
2023-03-03 12:00:00,64.68675
2023-03-03 16:00:00,59.664
2023-03-03 20:00:00,59.7915
2023-03-04 12:00:00,59.527
2023-03-04 16:00:00,54.0085
2023-03-04 20:00:00,53.3085
2023-03-10 12:00:00,65.0185
2023-03-10 16:00:00,60.90325
2023-03-10 20:00:00,60.00275
2023-03-11 12:00:00,55.6385
2023-03-11 16:00:00,50.04575
2023-03-11 20:00:00,53.54625
2023-03-17 12:00:00,61.894
2023-03-17 16:00:00,58.61325
2023-03-17 20:00:00,58.2125
2023-03-18 12:00:00,52.0665
2023-03-18 16:00:00,46.861
2023-03-18 20:00:00,48.864
2023-03-24 12:00:00,63.8625
2023-03-24 16:00:00,58.45975
2023-03-24 20:00:00,57.35925
2023-03-25 12:00:00,53.87575
2023-03-25 16:00:00,49.80125
2023-03-25 20:00:00,50.8945
2023-03-31 12:00:00,63.27725
2023-03-31 16:00:00,57.59575
2023-03-31 20:00:00,57.5145
2023-04-01 12:00:00,57.21975
2023-04-01 16:00:00,52.82575
2023-04-01 20:00:00,53.07425
2023-04-07 12:00:00,50.88975
2023-04-07 16:00:00,45.4655
2023-04-07 20:00:00,49.3115
2023-04-08 12:00:00,48.3665
2023-04-08 16:00:00,45.6075
2023-04-08 20:00:00,47.043
2023-04-14 12:00:00,60.04975
2023-04-14 16:00:00,54.44675
2023-04-14 20:00:00,55.16825
2023-04-15 12:00:00,52.777
2023-04-15 16:00:00,49.24325
2023-04-15 20:00:00,50.1695
2023-04-21 12:00:00,59.61725
2023-04-21 16:00:00,54.596
2023-04-21 20:00:00,53.18325
2023-04-22 12:00:00,48.62325
2023-04-22 16:00:00,45.85075
2023-04-22 20:00:00,47.05375
2023-04-28 12:00:00,61.76275
2023-04-28 16:00:00,55.542
2023-04-28 20:00:00,53.6465
2023-04-29 12:00:00,51.30325
2023-04-29 16:00:00,46.4835
2023-04-29 20:00:00,48.6235
2023-05-05 12:00:00,61.45825
2023-05-05 16:00:00,57.134
2023-05-05 20:00:00,55.97575
2023-05-06 12:00:00,51.9645
2023-05-06 16:00:00,48.097
2023-05-06 20:00:00,47.39825
2023-05-12 12:00:00,61.092
2023-05-12 16:00:00,57.452
2023-05-12 20:00:00,53.73425
2023-05-13 12:00:00,50.5565
2023-05-13 16:00:00,46.8465
2023-05-13 20:00:00,46.376
2023-05-19 12:00:00,52.58475
2023-05-19 16:00:00,49.215
2023-05-19 20:00:00,49.122
2023-05-20 12:00:00,49.7515
2023-05-20 16:00:00,45.81775
2023-05-20 20:00:00,45.389
2023-05-26 12:00:00,59.11375
2023-05-26 16:00:00,54.36775
2023-05-26 20:00:00,51.01325
2023-05-27 12:00:00,46.89075
2023-05-27 16:00:00,42.489
2023-05-27 20:00:00,42.36225
2023-06-02 12:00:00,58.37275
2023-06-02 16:00:00,54.1035
2023-06-02 20:00:00,50.907
2023-06-03 12:00:00,47.8645
2023-06-03 16:00:00,43.69575
2023-06-03 20:00:00,43.43
2023-06-09 12:00:00,54.8025
2023-06-09 16:00:00,52.21925
2023-06-09 20:00:00,50.07125
2023-06-10 12:00:00,49.781
2023-06-10 16:00:00,46.75175
2023-06-10 20:00:00,46.2745
2023-06-16 12:00:00,59.40375
2023-06-16 16:00:00,55.8115
2023-06-16 20:00:00,52.294
2023-06-17 12:00:00,48.836
2023-06-17 16:00:00,45.3735
2023-06-17 20:00:00,44.6795
2023-06-23 12:00:00,60.321
2023-06-23 16:00:00,55.69075
2023-06-23 20:00:00,51.83225
2023-06-24 12:00:00,49.26725
2023-06-24 16:00:00,45.80875
2023-06-24 20:00:00,44.05575
2023-06-30 12:00:00,59.89125
2023-06-30 16:00:00,55.0725
2023-06-30 20:00:00,51.17075
2023-07-01 12:00:00,50.97825
2023-07-01 16:00:00,46.8975
2023-07-01 20:00:00,45.46775
2023-07-07 12:00:00,58.681
2023-07-07 16:00:00,54.5535
2023-07-07 20:00:00,51.1475
2023-07-08 12:00:00,48.90075
2023-07-08 16:00:00,46.05875
2023-07-08 20:00:00,44.62
2023-07-14 12:00:00,59.451
2023-07-14 16:00:00,53.43725
2023-07-14 20:00:00,50.7755
2023-07-15 12:00:00,52.99
2023-07-15 16:00:00,47.0635
2023-07-15 20:00:00,45.933
2023-07-21 12:00:00,57.80075
2023-07-21 16:00:00,54.0885
2023-07-21 20:00:00,49.3765
2023-07-22 12:00:00,47.65675
2023-07-22 16:00:00,44.196
2023-07-22 20:00:00,43.2715
2023-07-28 12:00:00,59.00325
2023-07-28 16:00:00,53.24725
2023-07-28 20:00:00,49.7855
2023-07-29 12:00:00,49.2065
2023-07-29 16:00:00,45.85275
2023-07-29 20:00:00,43.6435
2023-08-04 12:00:00,57.73775
2023-08-04 16:00:00,52.94825
2023-08-04 20:00:00,49.32375
2023-08-05 12:00:00,47.19825
2023-08-05 16:00:00,43.97725
2023-08-05 20:00:00,43.07975
2023-08-11 12:00:00,56.96525
2023-08-11 16:00:00,53.03525
2023-08-11 20:00:00,50.32875
2023-08-12 12:00:00,50.00575
2023-08-12 16:00:00,46.53725
2023-08-12 20:00:00,45.367
2023-08-18 12:00:00,58.534
2023-08-18 16:00:00,54.501
2023-08-18 20:00:00,52.04975
2023-08-19 12:00:00,50.89175
2023-08-19 16:00:00,47.95075
2023-08-19 20:00:00,45.54725
2023-08-25 12:00:00,61.883
2023-08-25 16:00:00,55.82575
2023-08-25 20:00:00,51.94675
2023-08-26 12:00:00,51.60225
2023-08-26 16:00:00,46.1505
2023-08-26 20:00:00,44.416
2023-09-01 12:00:00,59.727
2023-09-01 16:00:00,54.661
2023-09-01 20:00:00,52.77525
2023-09-02 12:00:00,49.0445
2023-09-02 16:00:00,44.8675
2023-09-02 20:00:00,45.391
2023-09-08 12:00:00,59.822
2023-09-08 16:00:00,54.527
2023-09-08 20:00:00,54.235
2023-09-09 12:00:00,50.08675
2023-09-09 16:00:00,46.08125
2023-09-09 20:00:00,47.7545
2023-09-15 12:00:00,57.8775
2023-09-15 16:00:00,53.52925
2023-09-15 20:00:00,54.7215
2023-09-16 12:00:00,49.812
2023-09-16 16:00:00,46.16175
2023-09-16 20:00:00,47.37125
2023-09-22 12:00:00,61.63825
2023-09-22 16:00:00,55.0645
2023-09-22 20:00:00,52.68525
2023-09-23 12:00:00,49.421
2023-09-23 16:00:00,46.014
2023-09-23 20:00:00,47.2855
2023-09-29 12:00:00,60.3205
2023-09-29 16:00:00,56.56475
2023-09-29 20:00:00,55.66025
2023-09-30 12:00:00,49.35225
2023-09-30 16:00:00,45.92175
2023-09-30 20:00:00,47.42525
2023-10-06 12:00:00,61.6005
2023-10-06 16:00:00,56.369
2023-10-06 20:00:00,55.9885
2023-10-07 12:00:00,51.85575
2023-10-07 16:00:00,48.326
2023-10-07 20:00:00,48.3815
2023-10-13 12:00:00,63.2795
2023-10-13 16:00:00,58.79025
2023-10-13 20:00:00,56.114
2023-10-14 12:00:00,53.119
2023-10-14 16:00:00,48.1485
2023-10-14 20:00:00,48.70075
2023-10-20 12:00:00,66.6905
2023-10-20 16:00:00,60.2785
2023-10-20 20:00:00,57.82225
2023-10-21 12:00:00,53.488
2023-10-21 16:00:00,47.906
2023-10-21 20:00:00,48.63575
2023-10-27 12:00:00,65.0135
2023-10-27 16:00:00,59.38925
2023-10-27 20:00:00,58.09525
2023-10-28 12:00:00,54.08725
2023-10-28 16:00:00,49.855
2023-10-28 20:00:00,49.939
2023-11-03 12:00:00,63.56875
2023-11-03 16:00:00,60.9215
2023-11-03 20:00:00,57.756
2023-11-04 12:00:00,55.5805
2023-11-04 16:00:00,54.31625
2023-11-04 20:00:00,52.2395
2023-11-10 12:00:00,67.11725
2023-11-10 16:00:00,63.4825
2023-11-10 20:00:00,58.81625
2023-11-11 12:00:00,55.04875
2023-11-11 16:00:00,53.622
2023-11-11 20:00:00,51.311
2023-11-17 12:00:00,67.05325
2023-11-17 16:00:00,64.44025
2023-11-17 20:00:00,60.306
2023-11-18 12:00:00,56.12425
2023-11-18 16:00:00,55.98325
2023-11-18 20:00:00,53.477
2023-11-24 12:00:00,68.75175
2023-11-24 16:00:00,66.629
2023-11-24 20:00:00,62.544
2023-11-25 12:00:00,57.907
2023-11-25 16:00:00,58.0785
2023-11-25 20:00:00,54.973
2023-12-01 12:00:00,70.81575
2023-12-01 16:00:00,68.49775
2023-12-01 20:00:00,62.59625
2023-12-02 12:00:00,60.73
2023-12-02 16:00:00,59.6755
2023-12-02 20:00:00,55.8585
2023-12-08 12:00:00,70.05925
2023-12-08 16:00:00,67.02425
2023-12-08 20:00:00,60.31
2023-12-09 12:00:00,57.28
2023-12-09 16:00:00,57.68125
2023-12-09 20:00:00,55.0705
2023-12-15 12:00:00,65.736
2023-12-15 16:00:00,63.50375
2023-12-15 20:00:00,57.8015
2023-12-16 12:00:00,56.53375
2023-12-16 16:00:00,55.856
2023-12-16 20:00:00,52.426
2023-12-22 12:00:00,62.8575
2023-12-22 16:00:00,59.72825
2023-12-22 20:00:00,55.48025
2023-12-23 12:00:00,55.86225
2023-12-23 16:00:00,54.55725
2023-12-23 20:00:00,50.41525
2023-12-29 12:00:00,55.42175
2023-12-29 16:00:00,54.24575
2023-12-29 20:00:00,50.62075
2023-12-30 12:00:00,51.046
2023-12-30 16:00:00,48.7115
2023-12-30 20:00:00,47.7465
2024-01-05 12:00:00,64.14
2024-01-05 16:00:00,61.21825
2024-01-05 20:00:00,57.4085
2024-01-06 12:00:00,56.47075
2024-01-06 16:00:00,55.3345
2024-01-06 20:00:00,53.1045
2024-01-12 12:00:00,71.2565
2024-01-12 16:00:00,67.7365
2024-01-12 20:00:00,63.058
2024-01-13 12:00:00,63.37225
2024-01-13 16:00:00,62.169
2024-01-13 20:00:00,58.50575
2024-01-19 12:00:00,73.72975
2024-01-19 16:00:00,69.58725
2024-01-19 20:00:00,66.40475
2024-01-20 12:00:00,62.7945
2024-01-20 16:00:00,57.89975
2024-01-20 20:00:00,57.41425
2024-01-26 12:00:00,69.98975
2024-01-26 16:00:00,66.44575
2024-01-26 20:00:00,62.93775
2024-01-27 12:00:00,56.7475
2024-01-27 16:00:00,53.26175
2024-01-27 20:00:00,53.67975
2024-02-02 12:00:00,69.37225
2024-02-02 16:00:00,65.11
2024-02-02 20:00:00,62.32825
2024-02-03 12:00:00,59.5415
2024-02-03 16:00:00,55.98875
2024-02-03 20:00:00,53.836
2024-02-09 12:00:00,68.7075
2024-02-09 16:00:00,62.81825
2024-02-09 20:00:00,59.34775
2024-02-10 12:00:00,56.453
2024-02-10 16:00:00,51.86125
2024-02-10 20:00:00,51.983
2024-02-16 12:00:00,66.22275
2024-02-16 16:00:00,60.5865
2024-02-16 20:00:00,58.89475
2024-02-17 12:00:00,55.14725
2024-02-17 16:00:00,50.59425
2024-02-17 20:00:00,50.303
